{"Train/Acc": 0.01142, "round": 0, "_timestamp": 1657624015, "_runtime": 182, "_step": 3, "Train/Loss": 4.659717344284058, "Test/Acc": 0.0114, "Test/Loss": 4.651108384132385}