{"Train/Acc": 0.20278, "round": 90, "_timestamp": 1657623317, "_runtime": 12686, "_step": 75, "Train/Loss": 3.250404276371002, "Test/Acc": 0.2029, "Test/Loss": 3.2253918504714965}